method,n,f1_mean,f1_std,sensitivity_mean,ppv_mean,purity_mean,runtime_mean
vienna_only,50,0.4468595001790092,0.26625862350137924,0.4804624842239442,0.42321189317892155,0.0,0.5682130519996281
rnafm_faiss_no_guidance_k5,50,0.4468595001790092,0.26625862350137924,0.4804624842239442,0.42321189317892155,0.8959999999999999,0.2538060359982774
oracle_guided_k5,50,0.3379338551892691,0.31314074850369533,0.3375053543215848,0.34592436843964597,1.0,0.22921722400089492
rnafm_faiss_guided_k14,50,0.32247128463918673,0.2811636430943307,0.3239086650909108,0.35240622799609006,0.8728571428571429,0.27564803600078447
rnafm_faiss_guided_k7,50,0.2863631072539323,0.26954334706800737,0.2830478324196508,0.3167278724279117,0.8914285714285713,0.2498076579993358
rnafm_faiss_guided_k5,50,0.25709208586375776,0.2731920831162565,0.2528328503988389,0.29843942041820204,0.8959999999999999,0.2719833639985882
rnafm_faiss_template_guided_k5,50,0.25709208586375776,0.2731920831162565,0.2528328503988389,0.29843942041820204,0.8959999999999999,0.23509311000147137
rnafm_faiss_guided_k3,50,0.22754180290968404,0.24144616105888408,0.2039147273467257,0.30532341623336257,0.9,0.2845712960002129
rnafm_faiss_guided_k1,50,0.1183252163416996,0.15574614128265293,0.09588139698839251,0.18823003815682354,0.96,0.2786216319983941
